config,waypoint_index,success,position_error,orientation_error_rad,position_bad,orientation_bad,target_x,target_y,target_z
position_only_tcp_offset_0172,0,1,0.001868101,,0,0,-0.200270285,-0.011069408,1.18252192
position_only_tcp_offset_0172,1,1,0.000205876,,0,0,-0.189888532,-0.012816252,1.188945374
position_only_tcp_offset_0172,2,1,0.000336272,,0,0,-0.174300289,-0.018425554,1.196555538
position_only_tcp_offset_0172,3,1,0.001208342,,0,0,-0.144757553,-0.031774679,1.211174706
position_only_tcp_offset_0172,4,1,0.000579264,,0,0,-0.12382369,-0.041186133,1.221650447
position_only_tcp_offset_0172,5,1,0.000570877,,0,0,-0.10244955,-0.050413239,1.231610489
position_only_tcp_offset_0172,6,1,0.001105803,,0,0,-0.069317396,-0.063455038,1.243489471
position_only_tcp_offset_0172,7,1,0.000464258,,0,0,-0.04670997,-0.070510163,1.248003617
position_only_tcp_offset_0172,8,1,0.000939493,,0,0,-0.012868649,-0.078707415,1.250610509
position_only_tcp_offset_0172,9,1,0.000520168,,0,0,0.009018573,-0.083493864,1.250389012
position_only_tcp_offset_0172,10,1,0.000447468,,0,0,0.028181822,-0.087495545,1.249661883
position_only_tcp_offset_0172,11,1,0.000679521,,0,0,0.051368655,-0.092234817,1.250001942
position_only_tcp_offset_0172,12,1,0.000372308,,0,0,0.066169877,-0.095778209,1.249041299
position_only_tcp_offset_0172,13,1,0.000947993,,0,0,0.087631023,-0.102173833,1.236271522
position_only_tcp_offset_0172,14,1,0.000542698,,0,0,0.100571103,-0.105611097,1.222485662
position_only_tcp_offset_0172,15,1,0.000371905,,0,0,0.108513777,-0.108872277,1.207163254
position_only_tcp_offset_0172,16,1,0.000261058,,0,0,0.10797745,-0.112388921,1.188192895
position_only_tcp_offset_0172,17,1,8.0643e-05,,0,0,0.102612524,-0.114548977,1.179106313
position_only_tcp_offset_0172,18,1,0.000267129,,0,0,0.092675347,-0.118264362,1.164563985
position_only_tcp_offset_0172,19,1,0.000137639,,0,0,0.085743668,-0.120688599,1.153297186
position_only_tcp_offset_0172,20,1,0.00015846,,0,0,0.078998508,-0.122132484,1.140615245
position_only_tcp_offset_0172,21,1,0.000511086,,0,0,0.066205292,-0.123390461,1.119328987
position_only_tcp_offset_0172,22,1,0.000301817,,0,0,0.055460364,-0.124032171,1.103328504
position_only_tcp_offset_0172,23,1,0.000267835,,0,0,0.043107781,-0.127824735,1.090901367
position_only_tcp_offset_0172,24,1,1.4685e-05,,0,0,0.037980105,-0.128200369,1.088401461
position_only_tcp_offset_0172,25,1,4.793e-06,,0,0,0.036514038,-0.13024083,1.087748102
position_only_tcp_offset_0172,26,1,2.5829e-05,,0,0,0.036387152,-0.134969284,1.09231914
position_only_tcp_offset_0172,27,1,2.9637e-05,,0,0,0.039442809,-0.133073863,1.095374345
position_only_tcp_offset_0172,28,1,7.482e-05,,0,0,0.044630469,-0.130339497,1.100814413
position_only_tcp_offset_0172,29,1,0.000498558,,0,0,0.05618462,-0.12625482,1.121348086
position_only_tcp_offset_0172,30,1,0.000499585,,0,0,0.067826018,-0.123482079,1.140954905
position_only_tcp_offset_0172,31,1,0.001109572,,0,0,0.081929643,-0.117018875,1.174236465
position_only_tcp_offset_0172,32,1,0.000544368,,0,0,0.088195739,-0.105556024,1.19861519
position_only_tcp_offset_0172,33,1,0.000589154,,0,0,0.093851226,-0.089288255,1.222116256
position_only_tcp_offset_0172,34,1,0.001044964,,0,0,0.09831699,-0.060172171,1.249058195
position_only_tcp_offset_0172,35,1,0.00034361,,0,0,0.099690839,-0.039685505,1.259013206
position_only_tcp_offset_0172,36,1,0.000666011,,0,0,0.101340046,-0.008749437,1.266436722
position_only_tcp_offset_0172,37,1,0.000304095,,0,0,0.102074488,0.012299014,1.268185273
position_only_tcp_offset_0172,38,1,0.00031161,,0,0,0.102462133,0.033768544,1.268803903
position_only_tcp_offset_0172,39,1,0.000744599,,0,0,0.103123091,0.066652556,1.265187301
position_only_tcp_offset_0172,40,1,0.000367239,,0,0,0.104139586,0.088210107,1.260413767
position_only_tcp_offset_0172,41,1,0.000800322,,0,0,0.105025313,0.120058814,1.250172864
position_only_tcp_offset_0172,42,1,0.000448194,,0,0,0.105630357,0.141795404,1.239736613
position_only_tcp_offset_0172,43,1,0.000499125,,0,0,0.107235982,0.162064408,1.225274303
position_only_tcp_offset_0172,44,1,0.00098305,,0,0,0.110456014,0.183758881,1.197439923
position_only_tcp_offset_0172,45,1,0.00047186,,0,0,0.113337537,0.192964122,1.176517952
position_only_tcp_offset_0172,46,1,0.00074391,,0,0,0.115649291,0.200403287,1.14636128
position_only_tcp_offset_0172,47,1,0.000266751,,0,0,0.114557453,0.203611583,1.12767254
position_only_tcp_offset_0172,48,1,0.000214336,,0,0,0.110410918,0.207130371,1.110629853
position_only_tcp_offset_0172,49,1,0.000457939,,0,0,0.10195982,0.213620445,1.086888178
position_only_tcp_offset_0172,50,1,0.000216296,,0,0,0.095693769,0.218147862,1.070834935
position_only_tcp_offset_0172,51,1,0.000529127,,0,0,0.085823453,0.22486931,1.045608592
position_only_tcp_offset_0172,52,1,0.000255673,,0,0,0.079014296,0.229085528,1.028127041
position_only_tcp_offset_0172,53,1,0.000222304,,0,0,0.074608455,0.231856638,1.011460617
position_only_tcp_offset_0172,54,1,0.0003926,,0,0,0.070724825,0.231132449,0.988596271
position_only_tcp_offset_0172,55,1,0.000127675,,0,0,0.06728352,0.228092733,0.976036359
position_only_tcp_offset_0172,56,1,9.4726e-05,,0,0,0.06321032,0.223195245,0.966153581
position_only_tcp_offset_0172,57,1,0.000233118,,0,0,0.051160212,0.219986917,0.954632933
position_only_tcp_offset_0172,58,1,0.000130335,,0,0,0.03983167,0.222259099,0.949632134
position_only_tcp_offset_0172,59,1,0.000343332,,0,0,0.023870109,0.231933511,0.944181884
position_only_tcp_offset_0172,60,1,0.000138453,,0,0,0.015321848,0.240379523,0.938369667
position_only_tcp_offset_0172,61,1,7.4736e-05,,0,0,0.012178162,0.246859443,0.932937515
position_only_tcp_offset_0172,62,1,7.9439e-05,,0,0,0.014014032,0.250006965,0.928144071
position_only_tcp_offset_0172,63,1,5.3506e-05,,0,0,0.017914107,0.250262294,0.927361131
position_only_tcp_offset_0172,64,1,0.000193433,,0,0,0.028264382,0.249543363,0.93240123
position_only_tcp_offset_0172,65,1,0.000118662,,0,0,0.035256699,0.249978727,0.941023287
position_only_tcp_offset_0172,66,1,0.000108579,,0,0,0.041088157,0.251529816,0.951161262
position_only_tcp_offset_0172,67,1,7.3215e-05,,0,0,0.046275355,0.25182388,0.957778404
position_only_tcp_offset_0172,68,1,0.00148442,,0,0,0.047700667,0.25182189,0.957957076
position_only_tcp_offset_0172,69,1,0.000136853,,0,0,0.053177598,0.246674471,0.95541762
position_only_tcp_offset_0172,70,1,6.9576e-05,,0,0,0.055853435,0.242899082,0.950716864
position_only_tcp_offset_0172,71,1,7.3828e-05,,0,0,0.05713878,0.240269508,0.944066423
position_only_tcp_offset_0172,72,1,7.329e-05,,0,0,0.056583161,0.240753007,0.936476557
position_only_tcp_offset_0172,73,1,2.6597e-05,,0,0,0.054110749,0.245804754,0.934588799
position_only_tcp_offset_0172,74,1,0.000129302,,0,0,0.052421065,0.25854594,0.937752605
position_only_tcp_offset_0172,75,1,7.1673e-05,,0,0,0.054046953,0.264533458,0.946587866
position_only_tcp_offset_0172,76,1,0.000111308,,0,0,0.05736477,0.269232957,0.959077807
position_only_tcp_offset_0172,77,1,0.000212549,,0,0,0.062182537,0.271953858,0.977805206
position_only_tcp_offset_0172,78,1,4.3706e-05,,0,0,0.063412091,0.271721836,0.987741532
position_only_tcp_offset_0172,79,1,2.0202e-05,,0,0,0.063841916,0.269260168,0.993535718
pose_baseline_tcp_offset_0172,0,1,3.7183e-05,7.825e-06,0,0,-0.200270285,-0.011069408,1.18252192
pose_baseline_tcp_offset_0172,1,1,0.000331686,0.000113132,0,0,-0.189888532,-0.012816252,1.188945374
pose_baseline_tcp_offset_0172,2,1,0.000660795,0.000105719,0,0,-0.174300289,-0.018425554,1.196555538
pose_baseline_tcp_offset_0172,3,1,0.00010728,2.3809e-05,0,0,-0.144757553,-0.031774679,1.211174706
pose_baseline_tcp_offset_0172,4,1,0.001597338,0.000173765,0,0,-0.12382369,-0.041186133,1.221650447
pose_baseline_tcp_offset_0172,5,1,0.000119669,2.7865e-05,0,0,-0.10244955,-0.050413239,1.231610489
pose_baseline_tcp_offset_0172,6,1,0.000188985,4.4726e-05,0,0,-0.069317396,-0.063455038,1.243489471
pose_baseline_tcp_offset_0172,7,1,0.000934257,0.000207697,0,0,-0.04670997,-0.070510163,1.248003617
pose_baseline_tcp_offset_0172,8,0,0.018490194,0.044268906,1,0,-0.012868649,-0.078707415,1.250610509
pose_baseline_tcp_offset_0172,9,0,0.037288966,0.025331031,1,0,0.009018573,-0.083493864,1.250389012
pose_baseline_tcp_offset_0172,10,0,0.044155565,0.070285973,1,0,0.028181822,-0.087495545,1.249661883
pose_baseline_tcp_offset_0172,11,0,0.056617065,0.140625562,1,1,0.051368655,-0.092234817,1.250001942
pose_baseline_tcp_offset_0172,12,0,0.065580244,0.16404376,1,1,0.066169877,-0.095778209,1.249041299
pose_baseline_tcp_offset_0172,13,0,0.076639923,0.181399656,1,1,0.087631023,-0.102173833,1.236271522
pose_baseline_tcp_offset_0172,14,0,0.081956402,0.166345984,1,1,0.100571103,-0.105611097,1.222485662
pose_baseline_tcp_offset_0172,15,0,0.086341853,0.182975074,1,1,0.108513777,-0.108872277,1.207163254
pose_baseline_tcp_offset_0172,16,0,0.090301524,0.15463899,1,1,0.10797745,-0.112388921,1.188192895
pose_baseline_tcp_offset_0172,17,0,0.086548215,0.198347385,1,1,0.102612524,-0.114548977,1.179106313
pose_baseline_tcp_offset_0172,18,0,0.082025609,0.262569628,1,1,0.092675347,-0.118264362,1.164563985
pose_baseline_tcp_offset_0172,19,0,0.081579724,0.302109567,1,1,0.085743668,-0.120688599,1.153297186
pose_baseline_tcp_offset_0172,20,0,0.083941065,0.337506303,1,1,0.078998508,-0.122132484,1.140615245
pose_baseline_tcp_offset_0172,21,0,0.073119425,0.201335494,1,1,0.066205292,-0.123390461,1.119328987
pose_baseline_tcp_offset_0172,22,0,0.069798811,0.226044281,1,1,0.055460364,-0.124032171,1.103328504
pose_baseline_tcp_offset_0172,23,0,0.053023795,0.093242002,1,0,0.043107781,-0.127824735,1.090901367
pose_baseline_tcp_offset_0172,24,0,0.040047225,0.037171671,1,0,0.037980105,-0.128200369,1.088401461
pose_baseline_tcp_offset_0172,25,0,0.02192737,0.025122186,1,0,0.036514038,-0.13024083,1.087748102
pose_baseline_tcp_offset_0172,26,0,0.006467567,0.002493787,1,0,0.036387152,-0.134969284,1.09231914
pose_baseline_tcp_offset_0172,27,0,0.002333481,0.000651136,1,0,0.039442809,-0.133073863,1.095374345
pose_baseline_tcp_offset_0172,28,0,0.004301949,0.001339434,1,0,0.044630469,-0.130339497,1.100814413
pose_baseline_tcp_offset_0172,29,0,0.017986736,0.012094372,1,0,0.05618462,-0.12625482,1.121348086
pose_baseline_tcp_offset_0172,30,0,0.029399183,0.043099614,1,0,0.067826018,-0.123482079,1.140954905
pose_baseline_tcp_offset_0172,31,0,0.048458543,0.077044401,1,0,0.081929643,-0.117018875,1.174236465
pose_baseline_tcp_offset_0172,32,0,0.057978173,0.083837743,1,0,0.088195739,-0.105556024,1.19861519
pose_baseline_tcp_offset_0172,33,0,0.070232711,0.116416766,1,1,0.093851226,-0.089288255,1.222116256
pose_baseline_tcp_offset_0172,34,0,0.078809253,0.218998791,1,1,0.09831699,-0.060172171,1.249058195
pose_baseline_tcp_offset_0172,35,0,0.078361754,0.227746907,1,1,0.099690839,-0.039685505,1.259013206
pose_baseline_tcp_offset_0172,36,0,0.086984647,0.288493516,1,1,0.101340046,-0.008749437,1.266436722
pose_baseline_tcp_offset_0172,37,0,0.08918702,0.294271312,1,1,0.102074488,0.012299014,1.268185273
pose_baseline_tcp_offset_0172,38,0,0.091524725,0.294376532,1,1,0.102462133,0.033768544,1.268803903
pose_baseline_tcp_offset_0172,39,0,0.093262011,0.268037724,1,1,0.103123091,0.066652556,1.265187301
pose_baseline_tcp_offset_0172,40,0,0.099710732,0.181862945,1,1,0.104139586,0.088210107,1.260413767
pose_baseline_tcp_offset_0172,41,0,0.096849487,0.214730436,1,1,0.105025313,0.120058814,1.250172864
pose_baseline_tcp_offset_0172,42,0,0.105082798,0.167399763,1,1,0.105630357,0.141795404,1.239736613
pose_baseline_tcp_offset_0172,43,0,0.097903253,0.204012287,1,1,0.107235982,0.162064408,1.225274303
pose_baseline_tcp_offset_0172,44,0,0.096315136,0.200243258,1,1,0.110456014,0.183758881,1.197439923
pose_baseline_tcp_offset_0172,45,0,0.0955647,0.191129716,1,1,0.113337537,0.192964122,1.176517952
pose_baseline_tcp_offset_0172,46,0,0.09569892,0.100164752,1,1,0.115649291,0.200403287,1.14636128
pose_baseline_tcp_offset_0172,47,0,0.096276075,0.109185797,1,1,0.114557453,0.203611583,1.12767254
pose_baseline_tcp_offset_0172,48,0,0.091026305,0.139490756,1,1,0.110410918,0.207130371,1.110629853
pose_baseline_tcp_offset_0172,49,0,0.090632309,0.149327799,1,1,0.10195982,0.213620445,1.086888178
pose_baseline_tcp_offset_0172,50,0,0.089761579,0.126813922,1,1,0.095693769,0.218147862,1.070834935
pose_baseline_tcp_offset_0172,51,0,0.08732322,0.114132008,1,1,0.085823453,0.22486931,1.045608592
pose_baseline_tcp_offset_0172,52,0,0.084964256,0.119392625,1,1,0.079014296,0.229085528,1.028127041
pose_baseline_tcp_offset_0172,53,0,0.08523076,0.089373381,1,0,0.074608455,0.231856638,1.011460617
pose_baseline_tcp_offset_0172,54,0,0.077148981,0.09251209,1,0,0.070724825,0.231132449,0.988596271
pose_baseline_tcp_offset_0172,55,0,0.073465702,0.088930245,1,0,0.06728352,0.228092733,0.976036359
pose_baseline_tcp_offset_0172,56,0,0.071896356,0.09071796,1,0,0.06321032,0.223195245,0.966153581
pose_baseline_tcp_offset_0172,57,0,0.064910303,0.063698196,1,0,0.051160212,0.219986917,0.954632933
pose_baseline_tcp_offset_0172,58,0,0.057950793,0.082510387,1,0,0.03983167,0.222259099,0.949632134
pose_baseline_tcp_offset_0172,59,0,0.055345975,0.083648347,1,0,0.023870109,0.231933511,0.944181884
pose_baseline_tcp_offset_0172,60,0,0.043989438,0.043864671,1,0,0.015321848,0.240379523,0.938369667
pose_baseline_tcp_offset_0172,61,0,0.039164462,0.010617926,1,0,0.012178162,0.246859443,0.932937515
pose_baseline_tcp_offset_0172,62,0,0.028325092,0.02894458,1,0,0.014014032,0.250006965,0.928144071
pose_baseline_tcp_offset_0172,63,0,0.027296882,0.026708652,1,0,0.017914107,0.250262294,0.927361131
pose_baseline_tcp_offset_0172,64,0,0.030819088,0.029720202,1,0,0.028264382,0.249543363,0.93240123
pose_baseline_tcp_offset_0172,65,0,0.035114736,0.029323699,1,0,0.035256699,0.249978727,0.941023287
pose_baseline_tcp_offset_0172,66,0,0.041628501,0.043234499,1,0,0.041088157,0.251529816,0.951161262
pose_baseline_tcp_offset_0172,67,0,0.047946821,0.073625581,1,0,0.046275355,0.25182388,0.957778404
pose_baseline_tcp_offset_0172,68,0,0.049261715,0.098089341,1,0,0.047700667,0.25182189,0.957957076
pose_baseline_tcp_offset_0172,69,0,0.052126475,0.13289281,1,1,0.053177598,0.246674471,0.95541762
pose_baseline_tcp_offset_0172,70,0,0.05311244,0.157060989,1,1,0.055853435,0.242899082,0.950716864
pose_baseline_tcp_offset_0172,71,0,0.053558502,0.181361291,1,1,0.05713878,0.240269508,0.944066423
pose_baseline_tcp_offset_0172,72,0,0.053543723,0.213340179,1,1,0.056583161,0.240753007,0.936476557
pose_baseline_tcp_offset_0172,73,0,0.052279339,0.228080741,1,1,0.054110749,0.245804754,0.934588799
pose_baseline_tcp_offset_0172,74,0,0.054520005,0.241518889,1,1,0.052421065,0.25854594,0.937752605
pose_baseline_tcp_offset_0172,75,0,0.058582063,0.263257062,1,1,0.054046953,0.264533458,0.946587866
pose_baseline_tcp_offset_0172,76,0,0.065653455,0.291143988,1,1,0.05736477,0.269232957,0.959077807
pose_baseline_tcp_offset_0172,77,0,0.077219357,0.066520689,1,0,0.062182537,0.271953858,0.977805206
pose_baseline_tcp_offset_0172,78,0,0.07685661,0.072941415,1,0,0.063412091,0.271721836,0.987741532
pose_baseline_tcp_offset_0172,79,0,0.075873639,0.08787152,1,0,0.063841916,0.269260168,0.993535718
pose_weight010_tcp_offset_0172,0,1,4.3737e-05,0.000996436,0,0,-0.200270285,-0.011069408,1.18252192
pose_weight010_tcp_offset_0172,1,1,0.000287925,0.004353173,0,0,-0.189888532,-0.012816252,1.188945374
pose_weight010_tcp_offset_0172,2,1,0.000609945,0.006684534,0,0,-0.174300289,-0.018425554,1.196555538
pose_weight010_tcp_offset_0172,3,1,0.000138695,0.003384325,0,0,-0.144757553,-0.031774679,1.211174706
pose_weight010_tcp_offset_0172,4,1,0.001325294,0.011571625,0,0,-0.12382369,-0.041186133,1.221650447
pose_weight010_tcp_offset_0172,5,1,0.001949238,0.016024363,0,0,-0.10244955,-0.050413239,1.231610489
pose_weight010_tcp_offset_0172,6,1,0.001770174,0.019505342,0,0,-0.069317396,-0.063455038,1.243489471
pose_weight010_tcp_offset_0172,7,1,0.001594389,0.02431876,0,0,-0.04670997,-0.070510163,1.248003617
pose_weight010_tcp_offset_0172,8,0,0.003056203,0.08417036,1,0,-0.012868649,-0.078707415,1.250610509
pose_weight010_tcp_offset_0172,9,0,0.005038744,0.140200736,1,1,0.009018573,-0.083493864,1.250389012
pose_weight010_tcp_offset_0172,10,0,0.006867663,0.191916211,1,1,0.028181822,-0.087495545,1.249661883
pose_weight010_tcp_offset_0172,11,0,0.009289767,0.259258354,1,1,0.051368655,-0.092234817,1.250001942
pose_weight010_tcp_offset_0172,12,0,0.010663618,0.296415059,1,1,0.066169877,-0.095778209,1.249041299
pose_weight010_tcp_offset_0172,13,0,0.012299419,0.335915368,1,1,0.087631023,-0.102173833,1.236271522
pose_weight010_tcp_offset_0172,14,0,0.013522405,0.352977779,1,1,0.100571103,-0.105611097,1.222485662
pose_weight010_tcp_offset_0172,15,0,0.0152737,0.36512682,1,1,0.108513777,-0.108872277,1.207163254
pose_weight010_tcp_offset_0172,16,0,0.015372618,0.382342162,1,1,0.10797745,-0.112388921,1.188192895
pose_weight010_tcp_offset_0172,17,0,0.010384502,0.420493187,1,1,0.102612524,-0.114548977,1.179106313
pose_weight010_tcp_offset_0172,18,0,0.011911327,0.434444858,1,1,0.092675347,-0.118264362,1.164563985
pose_weight010_tcp_offset_0172,19,0,0.011000461,0.411200704,1,1,0.085743668,-0.120688599,1.153297186
pose_weight010_tcp_offset_0172,20,0,0.011813441,0.38964978,1,1,0.078998508,-0.122132484,1.140615245
pose_weight010_tcp_offset_0172,21,0,0.011984999,0.372667074,1,1,0.066205292,-0.123390461,1.119328987
pose_weight010_tcp_offset_0172,22,0,0.010717816,0.296290631,1,1,0.055460364,-0.124032171,1.103328504
pose_weight010_tcp_offset_0172,23,0,0.007615532,0.212369451,1,1,0.043107781,-0.127824735,1.090901367
pose_weight010_tcp_offset_0172,24,0,0.00271062,0.163306957,1,1,0.037980105,-0.128200369,1.088401461
pose_weight010_tcp_offset_0172,25,0,0.002942422,0.082178843,1,0,0.036514038,-0.13024083,1.087748102
pose_weight010_tcp_offset_0172,26,1,0.000814242,0.022278117,0,0,0.036387152,-0.134969284,1.09231914
pose_weight010_tcp_offset_0172,27,1,0.000290035,0.008149635,0,0,0.039442809,-0.133073863,1.095374345
pose_weight010_tcp_offset_0172,28,1,0.000551712,0.014961326,0,0,0.044630469,-0.130339497,1.100814413
pose_weight010_tcp_offset_0172,29,0,0.00224764,0.06245753,1,0,0.05618462,-0.12625482,1.121348086
pose_weight010_tcp_offset_0172,30,0,0.003959128,0.109481545,1,1,0.067826018,-0.123482079,1.140954905
pose_weight010_tcp_offset_0172,31,0,0.006821139,0.187419953,1,1,0.081929643,-0.117018875,1.174236465
pose_weight010_tcp_offset_0172,32,0,0.008742918,0.237578826,1,1,0.088195739,-0.105556024,1.19861519
pose_weight010_tcp_offset_0172,33,0,0.010551742,0.282921615,1,1,0.093851226,-0.089288255,1.222116256
pose_weight010_tcp_offset_0172,34,0,0.012702756,0.337886078,1,1,0.09831699,-0.060172171,1.249058195
pose_weight010_tcp_offset_0172,35,0,0.013820517,0.36335526,1,1,0.099690839,-0.039685505,1.259013206
pose_weight010_tcp_offset_0172,36,0,0.014716713,0.391524593,1,1,0.101340046,-0.008749437,1.266436722
pose_weight010_tcp_offset_0172,37,0,0.015286374,0.40464654,1,1,0.102074488,0.012299014,1.268185273
pose_weight010_tcp_offset_0172,38,0,0.015852934,0.414735387,1,1,0.102462133,0.033768544,1.268803903
pose_weight010_tcp_offset_0172,39,0,0.016920271,0.422813221,1,1,0.103123091,0.066652556,1.265187301
pose_weight010_tcp_offset_0172,40,0,0.017962705,0.422924448,1,1,0.104139586,0.088210107,1.260413767
pose_weight010_tcp_offset_0172,41,0,0.018012029,0.422291913,1,1,0.105025313,0.120058814,1.250172864
pose_weight010_tcp_offset_0172,42,0,0.017919763,0.418701856,1,1,0.105630357,0.141795404,1.239736613
pose_weight010_tcp_offset_0172,43,0,0.017346642,0.413557662,1,1,0.107235982,0.162064408,1.225274303
pose_weight010_tcp_offset_0172,44,0,0.01702348,0.399447509,1,1,0.110456014,0.183758881,1.197439923
pose_weight010_tcp_offset_0172,45,0,0.01555842,0.391395515,1,1,0.113337537,0.192964122,1.176517952
pose_weight010_tcp_offset_0172,46,0,0.014562525,0.378401832,1,1,0.115649291,0.200403287,1.14636128
pose_weight010_tcp_offset_0172,47,0,0.014821227,0.37019359,1,1,0.114557453,0.203611583,1.12767254
pose_weight010_tcp_offset_0172,48,0,0.014728207,0.367894294,1,1,0.110410918,0.207130371,1.110629853
pose_weight010_tcp_offset_0172,49,0,0.014414611,0.35960703,1,1,0.10195982,0.213620445,1.086888178
pose_weight010_tcp_offset_0172,50,0,0.013613348,0.355735088,1,1,0.095693769,0.218147862,1.070834935
pose_weight010_tcp_offset_0172,51,0,0.013134118,0.344983386,1,1,0.085823453,0.22486931,1.045608592
pose_weight010_tcp_offset_0172,52,0,0.012683073,0.33510554,1,1,0.079014296,0.229085528,1.028127041
pose_weight010_tcp_offset_0172,53,0,0.012213897,0.321958934,1,1,0.074608455,0.231856638,1.011460617
pose_weight010_tcp_offset_0172,54,0,0.011416407,0.299502792,1,1,0.070724825,0.231132449,0.988596271
pose_weight010_tcp_offset_0172,55,0,0.010901093,0.285559162,1,1,0.06728352,0.228092733,0.976036359
pose_weight010_tcp_offset_0172,56,0,0.010381629,0.272701657,1,1,0.06321032,0.223195245,0.966153581
pose_weight010_tcp_offset_0172,57,0,0.009705251,0.252545106,1,1,0.051160212,0.219986917,0.954632933
pose_weight010_tcp_offset_0172,58,0,0.007910197,0.269616033,1,1,0.03983167,0.222259099,0.949632134
pose_weight010_tcp_offset_0172,59,0,0.007321208,0.199749122,1,1,0.023870109,0.231933511,0.944181884
pose_weight010_tcp_offset_0172,60,0,0.00610211,0.166814156,1,1,0.015321848,0.240379523,0.938369667
pose_weight010_tcp_offset_0172,61,0,0.004928886,0.134461101,1,1,0.012178162,0.246859443,0.932937515
pose_weight010_tcp_offset_0172,62,0,0.003882308,0.105335698,1,1,0.014014032,0.250006965,0.928144071
pose_weight010_tcp_offset_0172,63,0,0.003741451,0.101065833,1,1,0.017914107,0.250262294,0.927361131
pose_weight010_tcp_offset_0172,64,0,0.004311375,0.115496203,1,1,0.028264382,0.249543363,0.93240123
pose_weight010_tcp_offset_0172,65,0,0.005103531,0.136170019,1,1,0.035256699,0.249978727,0.941023287
pose_weight010_tcp_offset_0172,66,0,0.005999131,0.159635786,1,1,0.041088157,0.251529816,0.951161262
pose_weight010_tcp_offset_0172,67,0,0.007121328,0.188988316,1,1,0.046275355,0.25182388,0.957778404
pose_weight010_tcp_offset_0172,68,0,0.007701273,0.204347018,1,1,0.047700667,0.25182189,0.957957076
pose_weight010_tcp_offset_0172,69,0,0.008491609,0.22392223,1,1,0.053177598,0.246674471,0.95541762
pose_weight010_tcp_offset_0172,70,0,0.008924951,0.234513145,1,1,0.055853435,0.242899082,0.950716864
pose_weight010_tcp_offset_0172,71,0,0.009248654,0.241843123,1,1,0.05713878,0.240269508,0.944066423
pose_weight010_tcp_offset_0172,72,0,0.009640504,0.250638257,1,1,0.056583161,0.240753007,0.936476557
pose_weight010_tcp_offset_0172,73,0,0.009887972,0.256257277,1,1,0.054110749,0.245804754,0.934588799
pose_weight010_tcp_offset_0172,74,0,0.010392897,0.263079277,1,1,0.052421065,0.25854594,0.937752605
pose_weight010_tcp_offset_0172,75,0,0.010991556,0.270606007,1,1,0.054046953,0.264533458,0.946587866
pose_weight010_tcp_offset_0172,76,0,0.012035839,0.27750255,1,1,0.05736477,0.269232957,0.959077807
pose_weight010_tcp_offset_0172,77,0,0.013221826,0.289739556,1,1,0.062182537,0.271953858,0.977805206
pose_weight010_tcp_offset_0172,78,0,0.013442279,0.299234778,1,1,0.063412091,0.271721836,0.987741532
pose_weight010_tcp_offset_0172,79,0,0.013690557,0.306970141,1,1,0.063841916,0.269260168,0.993535718
pose_zero_tcp_diagnostic,0,1,5.805e-05,8.032e-06,0,0,-0.200270285,-0.011069408,1.18252192
pose_zero_tcp_diagnostic,1,1,0.000231929,0.000146545,0,0,-0.189888532,-0.012816252,1.188945374
pose_zero_tcp_diagnostic,2,1,0.000465153,0.000116199,0,0,-0.174300289,-0.018425554,1.196555538
pose_zero_tcp_diagnostic,3,1,0.001622292,0.000350877,0,0,-0.144757553,-0.031774679,1.211174706
pose_zero_tcp_diagnostic,4,1,0.001059345,0.000101875,0,0,-0.12382369,-0.041186133,1.221650447
pose_zero_tcp_diagnostic,5,1,0.001202065,9.4095e-05,0,0,-0.10244955,-0.050413239,1.231610489
pose_zero_tcp_diagnostic,6,1,0.000330451,2.7123e-05,0,0,-0.069317396,-0.063455038,1.243489471
pose_zero_tcp_diagnostic,7,1,0.00173773,8.1408e-05,0,0,-0.04670997,-0.070510163,1.248003617
pose_zero_tcp_diagnostic,8,1,0.001285489,7.1865e-05,0,0,-0.012868649,-0.078707415,1.250610509
pose_zero_tcp_diagnostic,9,1,0.000812619,6.2627e-05,0,0,0.009018573,-0.083493864,1.250389012
pose_zero_tcp_diagnostic,10,1,0.000899515,9.019e-05,0,0,0.028181822,-0.087495545,1.249661883
pose_zero_tcp_diagnostic,11,0,0.02000582,0.007771889,1,0,0.051368655,-0.092234817,1.250001942
pose_zero_tcp_diagnostic,12,0,0.032916122,0.017813776,1,0,0.066169877,-0.095778209,1.249041299
pose_zero_tcp_diagnostic,13,0,0.050065197,0.029689225,1,0,0.087631023,-0.102173833,1.236271522
pose_zero_tcp_diagnostic,14,0,0.059144263,0.038867158,1,0,0.100571103,-0.105611097,1.222485662
pose_zero_tcp_diagnostic,15,0,0.065225237,0.048428849,1,0,0.108513777,-0.108872277,1.207163254
pose_zero_tcp_diagnostic,16,0,0.063599786,0.110182785,1,1,0.10797745,-0.112388921,1.188192895
pose_zero_tcp_diagnostic,17,0,0.060207035,0.157958987,1,1,0.102612524,-0.114548977,1.179106313
pose_zero_tcp_diagnostic,18,0,0.055683723,0.140215533,1,1,0.092675347,-0.118264362,1.164563985
pose_zero_tcp_diagnostic,19,0,0.052554064,0.128266783,1,1,0.085743668,-0.120688599,1.153297186
pose_zero_tcp_diagnostic,20,0,0.049152788,0.108439603,1,1,0.078998508,-0.122132484,1.140615245
pose_zero_tcp_diagnostic,21,0,0.039830912,0.034539946,1,0,0.066205292,-0.123390461,1.119328987
pose_zero_tcp_diagnostic,22,0,0.029844244,0.022178944,1,0,0.055460364,-0.124032171,1.103328504
pose_zero_tcp_diagnostic,23,0,0.013939998,0.005739772,1,0,0.043107781,-0.127824735,1.090901367
pose_zero_tcp_diagnostic,24,0,0.003530346,0.000373915,1,0,0.037980105,-0.128200369,1.088401461
pose_zero_tcp_diagnostic,25,1,0.001091017,0.000124191,0,0,0.036514038,-0.13024083,1.087748102
pose_zero_tcp_diagnostic,26,1,0.000442583,0.002146596,0,0,0.036387152,-0.134969284,1.09231914
pose_zero_tcp_diagnostic,27,1,0.000116141,0.00023605,0,0,0.039442809,-0.133073863,1.095374345
pose_zero_tcp_diagnostic,28,1,0.000759957,0.000528223,0,0,0.044630469,-0.130339497,1.100814413
pose_zero_tcp_diagnostic,29,0,0.003219945,0.000303385,1,0,0.05618462,-0.12625482,1.121348086
pose_zero_tcp_diagnostic,30,0,0.014715932,0.001433268,1,0,0.067826018,-0.123482079,1.140954905
pose_zero_tcp_diagnostic,31,0,0.030583948,0.028724038,1,0,0.081929643,-0.117018875,1.174236465
pose_zero_tcp_diagnostic,32,0,0.03879145,0.036258296,1,0,0.088195739,-0.105556024,1.19861519
pose_zero_tcp_diagnostic,33,0,0.046820731,0.050863233,1,0,0.093851226,-0.089288255,1.222116256
pose_zero_tcp_diagnostic,34,0,0.05488283,0.061618611,1,0,0.09831699,-0.060172171,1.249058195
pose_zero_tcp_diagnostic,35,0,0.058246064,0.063937552,1,0,0.099690839,-0.039685505,1.259013206
pose_zero_tcp_diagnostic,36,0,0.06223365,0.072989897,1,0,0.101340046,-0.008749437,1.266436722
pose_zero_tcp_diagnostic,37,0,0.064171667,0.075318059,1,0,0.102074488,0.012299014,1.268185273
pose_zero_tcp_diagnostic,38,0,0.066144917,0.079665877,1,0,0.102462133,0.033768544,1.268803903
pose_zero_tcp_diagnostic,39,0,0.068446935,0.081710461,1,0,0.103123091,0.066652556,1.265187301
pose_zero_tcp_diagnostic,40,0,0.070364347,0.078603349,1,0,0.104139586,0.088210107,1.260413767
pose_zero_tcp_diagnostic,41,0,0.072912463,0.078102326,1,0,0.105025313,0.120058814,1.250172864
pose_zero_tcp_diagnostic,42,0,0.074696552,0.08334297,1,0,0.105630357,0.141795404,1.239736613
pose_zero_tcp_diagnostic,43,0,0.07697345,0.078553417,1,0,0.107235982,0.162064408,1.225274303
pose_zero_tcp_diagnostic,44,0,0.079633298,0.06142654,1,0,0.110456014,0.183758881,1.197439923
pose_zero_tcp_diagnostic,45,0,0.081436737,0.068980772,1,0,0.113337537,0.192964122,1.176517952
pose_zero_tcp_diagnostic,46,0,0.083285145,0.050861725,1,0,0.115649291,0.200403287,1.14636128
pose_zero_tcp_diagnostic,47,0,0.08280342,0.045549204,1,0,0.114557453,0.203611583,1.12767254
pose_zero_tcp_diagnostic,48,0,0.081672994,0.036024997,1,0,0.110410918,0.207130371,1.110629853
pose_zero_tcp_diagnostic,49,0,0.078167267,0.049164325,1,0,0.10195982,0.213620445,1.086888178
pose_zero_tcp_diagnostic,50,0,0.075759878,0.059757337,1,0,0.095693769,0.218147862,1.070834935
pose_zero_tcp_diagnostic,51,0,0.072600499,0.047608106,1,0,0.085823453,0.22486931,1.045608592
pose_zero_tcp_diagnostic,52,0,0.069817566,0.043024966,1,0,0.079014296,0.229085528,1.028127041
pose_zero_tcp_diagnostic,53,0,0.068663176,0.032782622,1,0,0.074608455,0.231856638,1.011460617
pose_zero_tcp_diagnostic,54,0,0.067121808,0.036257229,1,0,0.070724825,0.231132449,0.988596271
pose_zero_tcp_diagnostic,55,0,0.065892871,0.019240402,1,0,0.06728352,0.228092733,0.976036359
pose_zero_tcp_diagnostic,56,0,0.062222733,0.041167732,1,0,0.06321032,0.223195245,0.966153581
pose_zero_tcp_diagnostic,57,0,0.054411586,0.029006579,1,0,0.051160212,0.219986917,0.954632933
pose_zero_tcp_diagnostic,58,0,0.047227077,0.027009622,1,0,0.03983167,0.222259099,0.949632134
pose_zero_tcp_diagnostic,59,0,0.037352488,0.017959068,1,0,0.023870109,0.231933511,0.944181884
pose_zero_tcp_diagnostic,60,0,0.032272584,0.003057697,1,0,0.015321848,0.240379523,0.938369667
pose_zero_tcp_diagnostic,61,0,0.029079739,0.011655942,1,0,0.012178162,0.246859443,0.932937515
pose_zero_tcp_diagnostic,62,0,0.029365421,0.010237969,1,0,0.014014032,0.250006965,0.928144071
pose_zero_tcp_diagnostic,63,0,0.031511288,0.011937462,1,0,0.017914107,0.250262294,0.927361131
pose_zero_tcp_diagnostic,64,0,0.038024225,0.005221491,1,0,0.028264382,0.249543363,0.93240123
pose_zero_tcp_diagnostic,65,0,0.042235621,0.009584611,1,0,0.035256699,0.249978727,0.941023287
pose_zero_tcp_diagnostic,66,0,0.046370762,0.018338751,1,0,0.041088157,0.251529816,0.951161262
pose_zero_tcp_diagnostic,67,0,0.049531011,0.039484399,1,0,0.046275355,0.25182388,0.957778404
pose_zero_tcp_diagnostic,68,0,0.050817915,0.063347794,1,0,0.047700667,0.25182189,0.957957076
pose_zero_tcp_diagnostic,69,0,0.054987524,0.097684261,1,0,0.053177598,0.246674471,0.95541762
pose_zero_tcp_diagnostic,70,0,0.057934909,0.122258662,1,1,0.055853435,0.242899082,0.950716864
pose_zero_tcp_diagnostic,71,0,0.060919918,0.146925966,1,1,0.05713878,0.240269508,0.944066423
pose_zero_tcp_diagnostic,72,0,0.063346633,0.132248399,1,1,0.056583161,0.240753007,0.936476557
pose_zero_tcp_diagnostic,73,0,0.062990286,0.146866444,1,1,0.054110749,0.245804754,0.934588799
pose_zero_tcp_diagnostic,74,0,0.064734489,0.159550179,1,1,0.052421065,0.25854594,0.937752605
pose_zero_tcp_diagnostic,75,0,0.066354612,0.181553843,1,1,0.054046953,0.264533458,0.946587866
pose_zero_tcp_diagnostic,76,0,0.070039396,0.159025639,1,1,0.05736477,0.269232957,0.959077807
pose_zero_tcp_diagnostic,77,0,0.071806914,0.037474417,1,0,0.062182537,0.271953858,0.977805206
pose_zero_tcp_diagnostic,78,0,0.070199388,0.048458934,1,0,0.063412091,0.271721836,0.987741532
pose_zero_tcp_diagnostic,79,0,0.068752872,0.065595338,1,0,0.063841916,0.269260168,0.993535718
